period,reportedRevenue,unit,sourceRelayKey,sourceUrl,sourceDate,observedAt,historicalPITEligible
2024-10,20873,TWD_million,oct25,https://www.auo.com/en-global/New_Archive/detail/news_MonthlySales_20251110,2025-11-10,2026-10-08T06:52:48Z,False
2024-11,23257,TWD_million,nov25,https://www.auo.com/ja-JP/News_Archive/detail/news_MonthlySales_20251209,2025-12-09,2026-10-08T06:52:48Z,False
2024-12,24562,TWD_million,dec25,https://www.auo.com/en-global/New_Archive/detail/news_MonthlySales_20260109,2026-01-09,2026-10-08T06:52:48Z,False
2025-01,21643,TWD_million,monthly26,https://www.auo.com/upload/media/ir/2026_Consolidated.pdf,,2026-10-08T06:52:48Z,False
2025-02,24606,TWD_million,monthly26,https://www.auo.com/upload/media/ir/2026_Consolidated.pdf,,2026-10-08T06:52:48Z,False
2025-03,25853,TWD_million,monthly26,https://www.auo.com/upload/media/ir/2026_Consolidated.pdf,,2026-10-08T06:52:48Z,False
2025-04,23138,TWD_million,monthly26,https://www.auo.com/upload/media/ir/2026_Consolidated.pdf,,2026-10-08T06:52:48Z,False
2025-05,24177,TWD_million,monthly26,https://www.auo.com/upload/media/ir/2026_Consolidated.pdf,,2026-10-08T06:52:48Z,False
2025-06,21922,TWD_million,monthly26,https://www.auo.com/upload/media/ir/2026_Consolidated.pdf,,2026-10-08T06:52:48Z,False
2025-07,20923,TWD_million,monthly26,https://www.auo.com/upload/media/ir/2026_Consolidated.pdf,,2026-10-08T06:52:48Z,False
2025-08,24539,TWD_million,monthly26,https://www.auo.com/upload/media/ir/2026_Consolidated.pdf,,2026-10-08T06:52:48Z,False
2025-09,24445,TWD_million,monthly26,https://www.auo.com/upload/media/ir/2026_Consolidated.pdf,,2026-10-08T06:52:48Z,False
2025-10,20916,TWD_million,oct25,https://www.auo.com/en-global/New_Archive/detail/news_MonthlySales_20251110,2025-11-10,2026-10-08T06:52:48Z,False
2025-11,24036,TWD_million,nov25,https://www.auo.com/ja-JP/News_Archive/detail/news_MonthlySales_20251209,2025-12-09,2026-10-08T06:52:48Z,False
2025-12,25190,TWD_million,dec25,https://www.auo.com/en-global/New_Archive/detail/news_MonthlySales_20260109,2026-01-09,2026-10-08T06:52:48Z,False
2026-01,22505,TWD_million,monthly26,https://www.auo.com/upload/media/ir/2026_Consolidated.pdf,,2026-10-08T06:52:48Z,False
2026-02,20505,TWD_million,monthly26,https://www.auo.com/upload/media/ir/2026_Consolidated.pdf,,2026-10-08T06:52:48Z,False
2026-03,26021,TWD_million,monthly26,https://www.auo.com/upload/media/ir/2026_Consolidated.pdf,,2026-10-08T06:52:48Z,False
2026-04,22100,TWD_million,monthly26,https://www.auo.com/upload/media/ir/2026_Consolidated.pdf,,2026-10-08T06:52:48Z,False
2026-05,23838,TWD_million,monthly26,https://www.auo.com/upload/media/ir/2026_Consolidated.pdf,,2026-10-08T06:52:48Z,False
2026-06,24952,TWD_million,monthly26,https://www.auo.com/upload/media/ir/2026_Consolidated.pdf,,2026-10-08T06:52:48Z,False
2026-07,20370,TWD_million,monthly26,https://www.auo.com/upload/media/ir/2026_Consolidated.pdf,,2026-10-08T06:52:48Z,False
2026-08,23102,TWD_million,monthly26,https://www.auo.com/upload/media/ir/2026_Consolidated.pdf,,2026-10-08T06:52:48Z,False
2026-09,23404,TWD_million,monthly26,https://www.auo.com/upload/media/ir/2026_Consolidated.pdf,,2026-10-08T06:52:48Z,False
